1,google.com
2,facebook.com
3,microsoft.com
4,googleapis.com
5,youtube.com
6,apple.com
7,netflix.com
8,twitter.com
9,instagram.com
10,gstatic.com
11,linkedin.com
12,amazonaws.com
13,googlevideo.com
14,live.com
15,googletagmanager.com
16,doubleclick.net
17,wikipedia.org
18,tiktokcdn.com
19,amazon.com
20,windowsupdate.com
21,root-servers.net
22,wordpress.org
23,office.com
24,icloud.com
25,bing.com
26,youtu.be
27,apple-dns.net
28,pinterest.com
29,yahoo.com
30,tiktokv.com
31,googleusercontent.com
32,microsoftonline.com
33,googlesyndication.com
34,fbcdn.net
35,github.com
36,netflix.net
37,vimeo.com
38,digicert.com
39,adobe.com
40,goo.gl
41,office365.com
42,cloudflare.com
43,google-analytics.com
44,msn.com
45,akamaiedge.net
46,spotify.com
47,bit.ly
48,whatsapp.net
49,ui.com
50,ntp.org
51,akadns.net
52,mozilla.org
53,wordpress.com
54,skype.com
55,aaplimg.com
56,cloudfront.net
57,blogspot.com
58,gvt2.com
59,akamai.net
60,ytimg.com
61,whatsapp.com
62,app-measurement.com
63,reddit.com
64,qq.com
65,office.net
66,lencr.org
67,facebook-hardware.com
68,macromedia.com
69,trafficmanager.net
70,tumblr.com
71,baidu.com
72,windows.net
73,europa.eu
74,pki.goog
75,snapchat.com
76,criteo.com
77,gravatar.com
78,nih.gov
79,adnxs.com
80,outlook.com
81,amazon-adsystem.com
82,nytimes.com
83,azure.com
84,t.co
85,msftncsi.com
86,flickr.com
87,dropbox.com
88,sharepoint.com
89,cloudflare-dns.com
90,windows.com
91,tiktok.com
92,rubiconproject.com
93,gvt1.com
94,mozilla.com
95,one.one
96,github.io
97,zoom.us
98,apache.org
99,ggpht.com
100,t.me
101,googleadservices.com
102,cdninstagram.com
103,soundcloud.com
104,medium.com
105,miit.gov.cn
106,cnn.com
107,pubmatic.com
108,forms.gle
109,roblox.com
110,nr-data.net
111,casalemedia.com
112,paypal.com
113,samsung.com
114,w3.org
115,gmail.com
116,vk.com
117,theguardian.com
118,ttlivecdn.com
119,2mdn.net
120,forbes.com
121,doubleverify.com
122,bbc.co.uk
123,archive.org
124,cdn77.org
125,adsrvr.org
126,wa.me
127,facebook.net
128,taboola.com
129,fastly.net
130,dns.google
131,msedge.net
132,googletagservices.com
133,amazontrust.com
134,openx.net
135,applovin.com
136,bbc.com
137,creativecommons.org
138,sentry.io
139,appsflyer.com
140,bytefcdn-oversea.com
141,mzstatic.com
142,opera.com
143,sourceforge.net
144,scorecardresearch.com
145,smartadserver.com
146,imdb.com
147,opendns.com
148,android.com
149,who.int
150,wixsite.com
151,adsafeprotected.com
152,unity3d.com
153,mit.edu
154,yandex.ru
155,discord.com
156,sciencedirect.com
157,issuu.com
158,ebay.com
159,nginx.org
160,fb.com
161,youtube-nocookie.com
162,nginx.com
163,cdc.gov
164,researchgate.net
165,dailymail.co.uk
166,amazon.co.uk
167,demdex.net
168,weebly.com
169,wp.com
170,msftconnecttest.com
171,twitch.tv
172,washingtonpost.com
173,reuters.com
174,wikimedia.org
175,tinyurl.com
176,azureedge.net
177,hubspot.com
178,slideshare.net
179,oracle.com
180,google.de
181,aol.com
182,google.com.br
183,doi.org
184,safebrowsing.apple
185,www.gov.uk
186,nflxso.net
187,bloomberg.com
188,google.co.uk
189,shopify.com
190,harvard.edu
191,weibo.com
192,ampproject.org
193,wsj.com
194,ubuntu.com
195,rlcdn.com
196,etsy.com
197,go.com
198,wiley.com
199,cdn-apple.com
200,nature.com
201,3lift.com
202,php.net
203,bidswitch.net
204,businessinsider.com
205,hp.com
206,adobe.io
207,dailymotion.com
208,list-manage.com
209,nist.gov
210,newrelic.com
211,rocket-cdn.com
212,twimg.com
213,un.org
214,jsdelivr.net
215,canva.com
216,a-msedge.net
217,cnbc.com
218,launchdarkly.com
219,crashlytics.com
220,adobedtm.com
221,gnu.org
222,criteo.net
223,a2z.com
224,springer.com
225,media-amazon.com
226,ibm.com
227,outbrain.com
228,moatads.com
229,id5-sync.com
230,npr.org
231,appcenter.ms
232,media.net
233,hotjar.com
234,adform.net
235,stanford.edu
236,tiktokcdn-us.com
237,steampowered.com
238,zemanta.com
239,grammarly.com
240,quora.com
241,quantserve.com
242,unsplash.com
243,epicgames.com
244,omtrdc.net
245,eventbrite.com
246,playstation.net
247,sharethrough.com
248,crwdcntrl.net
249,creativecdn.com
250,tripadvisor.com
251,nasa.gov
252,dotomi.com
253,stackoverflow.com
254,lijit.com
255,go-mpulse.net
256,mathtag.com
257,branch.io
258,cloudflare.net
259,360yield.com
260,time.com
261,liadm.com
262,teads.tv
263,cisco.com
264,usatoday.com
265,booking.com
266,rbxcdn.com
267,foxnews.com
268,wix.com
269,yahoo.co.jp
270,goodreads.com
271,avast.com
272,telegraph.co.uk
273,weather.com
274,msidentity.com
275,sc-cdn.net
276,worldfcdn.com
277,blogger.com
278,kaspersky.com
279,line.me
280,imrworldwide.com
281,cpanel.net
282,espn.com
283,yahoodns.net
284,addtoany.com
285,discord.gg
286,indeed.com
287,g.page
288,trendmicro.com
289,xiaomi.com
290,cnet.com
291,xboxlive.com
292,3gppnetwork.org
293,imgur.com
294,akamaihd.net
295,taobao.com
296,mozilla.net
297,mcafee.com
298,scdn.co
299,scribd.com
300,linktr.ee
301,vungle.com
302,godaddy.com
303,pixabay.com
304,surveymonkey.com
305,webmd.com
306,amazonalexa.com
307,supersonicads.com
308,sfx.ms
309,giphy.com
310,salesforceliveagent.com
311,duckduckgo.com
312,beian.gov.cn
313,wired.com
314,statista.com
315,ted.com
316,mail.ru
317,healthline.com
318,accuweather.com
319,tp-link.com
320,amzn.to
321,amazon.de
322,atomile.com
323,inner-active.mobi
324,bamgrid.com
325,miui.com
326,walmart.com
327,adcolony.com
328,aws.dev
329,globo.com
330,mayoclinic.org
331,firetvcaptiveportal.com
332,samsungqbe.com
333,behance.net
334,samsungcloudsolution.com
335,akamaized.net
336,nflximg.com
337,clarity.ms
338,mikrotik.com
339,ubnt.com
340,buzzfeed.com
341,bilibili.com
342,cloudapp.net
343,addthis.com
344,independent.co.uk
345,umbrella.com
346,mysql.com
347,edgekey.net
348,yelp.com
349,google.ca
350,disqus.com
351,cbsnews.com
352,loc.gov
353,deviantart.com
354,debian.org
355,slack.com
356,berkeley.edu
357,google.fr
358,telegram.me
359,aliexpress.com
360,stripe.com
361,entrust.net
362,ft.com
363,nypost.com
364,techcrunch.com
365,myspace.com
366,indiatimes.com
367,verisign.com
368,google.es
369,squarespace.com
370,google.co.jp
371,naver.com
372,openai.com
373,gamepass.com
374,sina.com.cn
375,google.it
376,163.com
377,theverge.com
378,latimes.com
379,mailchimp.com
380,ietf.org
381,academia.edu
382,example.com
383,ca.gov
384,free.fr
385,aboutads.info
386,state.gov
387,myshopify.com
388,licdn.com
389,webex.com
390,patreon.com
391,huffingtonpost.com
392,oup.com
393,intuit.com
394,nvidia.com
395,firefox.com
396,cornell.edu
397,tandfonline.com
398,visualstudio.com
399,prnewswire.com
400,nike.com
401,google.co.in
402,steamcommunity.com
403,qualtrics.com
404,jquery.com
405,gumgum.com
406,nbcnews.com
407,getpocket.com
408,google.nl
409,amazon.co.jp
410,theatlantic.com
411,hbr.org
412,sedo.com
413,washington.edu
414,pinimg.com
415,speedtest.net
416,teamviewer.com
417,themeforest.net
418,bidr.io
419,freepik.com
420,launchpad.net
421,ikea.com
422,homedepot.com
423,uol.com.br
424,apple.news
425,cookielaw.org
426,ok.ru
427,agkn.com
428,britannica.com
429,azurewebsites.net
430,icloud-content.com
431,google.com.hk
432,mirror.co.uk
433,fda.gov
434,thesun.co.uk
435,bluekai.com
436,intel.com
437,nationalgeographic.com
438,target.com
439,zendesk.com
440,huffpost.com
441,fc2.com
442,youku.com
443,elpais.com
444,uber.com
445,tapad.com
446,everesttech.net
447,statcounter.com
448,marriott.com
449,google.pl
450,investopedia.com
451,yimg.com
452,yandex.com
453,fontawesome.com
454,dell.com
455,amazon.fr
456,sagepub.com
457,calendly.com
458,w3schools.com
459,wattpad.com
460,mlb.com
461,rakuten.co.jp
462,princeton.edu
463,mediafire.com
464,wayfair.com
465,google.com.mx
466,fandom.com
467,zillow.com
468,huawei.com
469,virtualearth.net
470,onetrust.com
471,udemy.com
472,kickstarter.com
473,sectigo.com
474,google.com.tr
475,ea.com
476,ssl-images-amazon.com
477,hugedomains.com
478,alibaba.com
479,mailchi.mp
480,networkadvertising.org
481,service.gov.uk
482,pornhub.com
483,amazon.ca
484,optimizely.com
485,bestbuy.com
486,live.net
487,fiverr.com
488,business.site
489,globalsign.com
490,allaboutcookies.org
491,unesco.org
492,people.com
493,cambridge.org
494,mi.com
495,chaturbate.com
496,krxd.net
497,ups.com
498,bandcamp.com
499,braze.com
500,telegram.org
